model,top_k,cost_bps,period,months,strategy_total_return,benchmark_total_return,strategy_cagr,benchmark_cagr,excess_cagr,strategy_volatility,strategy_sharpe_rf0,strategy_max_drawdown,benchmark_max_drawdown,active_hit_rate,information_ratio,beta_to_benchmark,annualized_alpha_rf0,average_monthly_turnover
cap300_composite,1,25.0,validation,24,-0.10167586643681847,0.08698189041321247,-0.052200372671954764,0.04258423660307309,-0.09478460927502785,1.1379034033732307,0.36301209094730746,-0.5394250108929588,-0.08239866000360974,0.4583333333333333,0.3210548082265026,-0.761523699484859,0.5517002173596612,0.9166666666666666
cap300_composite,1,25.0,holdout_2024,12,1.991540606405163,-0.013699490369203038,1.991540606405163,-0.013699490369203038,2.005240096774366,0.6490105642638929,2.0259246760401504,-0.11382113821138207,-0.07702368625268208,0.6666666666666666,1.9601570966610333,-1.1083993951815079,2.4517340758970767,0.5
cap300_composite,1,25.0,holdout_2025_2026,18,-0.5144682725524825,-0.12280852134116271,-0.3822514381901202,-0.08364672551481533,-0.29860471267530486,1.301105872264113,0.1919726186265019,-0.8119949297415009,-0.34737666250868915,0.4444444444444444,0.24877605475147527,1.9033332275950194,0.42334509358127614,0.7222222222222222
mlp_rank,1,25.0,validation,24,1.5346934863701676,0.08698189041321247,0.5920720732335478,0.04258423660307309,0.5494878366304747,0.2868131079821403,1.780175060266704,-0.1926650794675414,-0.08239866000360974,0.5416666666666666,1.5056288158418034,-0.42558949197842727,0.6794246772578452,0.6666666666666666
mlp_rank,1,25.0,holdout_2024,12,1.0860871949061095,-0.013699490369203038,1.0860871949061095,-0.013699490369203038,1.0997866852753124,0.5220642220487622,1.6585823001870375,-0.055446503602844865,-0.07702368625268208,0.5833333333333334,1.631998714786229,-0.17995796846637696,1.3038791182887852,0.6666666666666666
mlp_rank,1,25.0,holdout_2025_2026,18,-0.2129393711718629,-0.12280852134116271,-0.1475436985382097,-0.08364672551481533,-0.06389697302339437,0.4441147827191316,-0.14686491359398432,-0.3833085004321224,-0.34737666250868915,0.3888888888888889,-0.019136659998924003,0.5993573065688474,-0.030627160043234625,0.8333333333333334
baseline_mlp_blend_50,1,25.0,validation,24,0.6761141641289119,0.08698189041321247,0.2946482781546933,0.04258423660307309,0.2520640415516202,1.0587312478673259,0.6654243711670199,-0.615809507969955,-0.08239866000360974,0.4583333333333333,0.6211875499158036,0.11086838862421484,0.9736139608832608,0.75
baseline_mlp_blend_50,1,25.0,holdout_2024,12,1.3845552581527083,-0.013699490369203038,1.3845552581527083,-0.013699490369203038,1.3982547485219112,0.5237751957686476,1.9258907219530785,-0.05359489051094901,-0.07702368625268208,0.75,1.8682019501869045,-0.53184431352309,1.6228218747105099,0.75
baseline_mlp_blend_50,1,25.0,holdout_2025_2026,18,-0.18789255685036954,-0.12280852134116271,-0.1295530111180806,-0.08364672551481533,-0.04590628560326526,0.9113083822955005,0.22050987813036793,-0.5453855509895789,-0.34737666250868915,0.3888888888888889,0.2940543553863754,0.9967975718217,0.29050500688126424,0.8333333333333334
online_best,1,25.0,validation,24,-0.08076705759646552,0.08698189041321247,-0.041233635131303514,0.04258423660307309,-0.0838178717343766,0.6508153713048543,0.24972550999299076,-0.41724654377880177,-0.08239866000360974,0.5,0.18235409521318732,1.1695568257980176,0.11534497186005921,0.7916666666666666
online_best,1,25.0,holdout_2024,12,1.2142220406083917,-0.013699490369203038,1.2142220406083917,-0.013699490369203038,1.2279215309775946,0.5946133526149182,1.6214442679062404,-0.11382113821138207,-0.07702368625268208,0.5833333333333334,1.5720627353772632,-0.862265462206762,1.5101131775708767,0.5
online_best,1,25.0,holdout_2025_2026,18,-0.6420272986478798,-0.12280852134116271,-0.4958420661225892,-0.08364672551481533,-0.41219534060777385,0.6709227814494537,-0.5979434083090409,-0.7164262747153898,-0.34737666250868915,0.3333333333333333,-0.6184889401519706,1.6439959653642107,-0.2676417179617877,0.8333333333333334
online_soft,1,25.0,validation,24,7.482118153268415,0.08698189041321247,1.9124076214136672,0.04258423660307309,1.869823384810594,0.9701467299328727,1.443452954737354,-0.11627906976744184,-0.08239866000360974,0.625,1.3622210139386945,-2.8797676436285897,3.2228041192963994,0.7916666666666666
online_soft,1,25.0,holdout_2024,12,1.599507883737012,-0.013699490369203038,1.599507883737012,-0.013699490369203038,1.613207374106215,0.5390683922478231,2.057581025251235,-0.0535948905109489,-0.07702368625268208,0.75,2.0032526285452996,-0.4646125863057877,1.8780834880288229,0.75
online_soft,1,25.0,holdout_2025_2026,18,0.2781843399330606,-0.12280852134116271,0.17777499102545047,-0.08364672551481533,0.2614217165402658,0.8395050684256709,0.5434075839036666,-0.4617214176468911,-0.34737666250868915,0.4444444444444444,0.6495668657496274,1.1564508089203553,0.6670642190656493,0.7222222222222222
cap300_composite,1,100.0,validation,24,-0.24369317545791336,0.08698189041321247,-0.13034097225286811,0.04258423660307309,-0.1729252088559412,1.1374619724350703,0.2906230729163511,-0.5625472371957747,-0.08239866000360974,0.4166666666666667,0.24913824451837466,-0.769943956496877,0.4332172885232328,0.9166666666666666
cap300_composite,1,100.0,holdout_2024,12,1.8695170631921534,-0.013699490369203038,1.8695170631921534,-0.013699490369203038,1.8832165535613563,0.6493823116620306,1.9554682878609897,-0.11382113821138207,-0.07702368625268208,0.6666666666666666,1.8920601308472245,-1.118584578107483,2.3139498849187325,0.5
cap300_composite,1,100.0,holdout_2025_2026,18,-0.5644464147548924,-0.12280852134116271,-0.4254060327169469,-0.08364672551481533,-0.34175930720213155,1.3001248079957053,0.14212227954769616,-0.8221811868303013,-0.34737666250868915,0.4444444444444444,0.196315695874072,1.9142764590024346,0.33687702178902,0.7222222222222222
mlp_rank,1,100.0,validation,24,1.2588080234542733,0.08698189041321247,0.5029331400479109,0.04258423660307309,0.4603489034448378,0.28490616312545214,1.5814945413763668,-0.20595724000767646,-0.08239866000360974,0.5416666666666666,1.321885393135427,-0.39746928659124825,0.5834834221222907,0.6666666666666666
mlp_rank,1,100.0,holdout_2024,12,0.971965148372171,-0.013699490369203038,0.971965148372171,-0.013699490369203038,0.985664638741374,0.5202770644057129,1.5489563799463602,-0.06997041924012726,-0.07702368625268208,0.5833333333333334,1.5249142415499322,-0.1815052058692486,1.1781627403481942,0.6666666666666666
mlp_rank,1,100.0,holdout_2025_2026,18,-0.29755585322847966,-0.12280852134116271,-0.2097924065644441,-0.08364672551481533,-0.12614568104962876,0.4419081460834648,-0.31731680086153374,-0.4274328041701483,-0.34737666250868915,0.3333333333333333,-0.19486877848647463,0.604687171641291,-0.10078287007236963,0.8333333333333334
baseline_mlp_blend_50,1,100.0,validation,24,0.4709533915125188,0.08698189041321247,0.2128286736025491,0.04258423660307309,0.170244436999476,1.0593732929433815,0.6013041664257197,-0.6273434176736687,-0.08239866000360974,0.4166666666666667,0.5570360696973251,0.049365087558885544,0.8562433300276966,0.75
baseline_mlp_blend_50,1,100.0,holdout_2024,12,1.2416670602358533,-0.013699490369203038,1.2416670602358533,-0.013699490369203038,1.2553665506050562,0.5197910360143969,1.8107926545580635,-0.06109489051094896,-0.07702368625268208,0.75,1.7572107705156197,-0.5228329037271058,1.4642164614890616,0.75
baseline_mlp_blend_50,1,100.0,holdout_2025_2026,18,-0.2770101581708272,-0.12280852134116271,-0.1944581088312619,-0.08364672551481533,-0.11081138331644658,0.9100456008750003,0.13840240554765754,-0.561670705204648,-0.34737666250868915,0.3888888888888889,0.20869809272158452,0.9866331290249697,0.19819300658986494,0.8333333333333334
online_best,1,100.0,validation,24,-0.2063698794626957,0.08698189041321247,-0.10914079645697983,0.04258423660307309,-0.15172503306005292,0.6504247823831799,0.14033167705564156,-0.42474654377880183,-0.08239866000360974,0.5,0.07165033770299822,1.1638876395087843,0.03936075492213642,0.7916666666666666
online_best,1,100.0,holdout_2024,12,1.1217984215308778,-0.013699490369203038,1.1217984215308778,-0.013699490369203038,1.1354979119000808,0.5943176133182512,1.546534027632435,-0.11382113821138207,-0.07702368625268208,0.5833333333333334,1.4996729651651293,-0.8709485779857847,1.4073015672088793,0.5
online_best,1,100.0,holdout_2025_2026,18,-0.683497584933606,-0.12280852134116271,-0.535572402410607,-0.08364672551481533,-0.4519256768957916,0.6701279912918782,-0.7105715040108924,-0.742016641321826,-0.34737666250868915,0.2777777777777778,-0.7553640094464347,1.6493258304366545,-0.3218534484219723,0.8333333333333334
online_soft,1,100.0,validation,24,6.416313443935996,0.08698189041321247,1.723290921649025,0.04258423660307309,1.680706685045952,0.9729353426520524,1.366083752520965,-0.11627906976744184,-0.08239866000360974,0.5416666666666666,1.2867666099847974,-2.913695017261452,2.9689800019837733,0.7916666666666666
online_soft,1,100.0,holdout_2024,12,1.4395626945479814,-0.013699490369203038,1.4395626945479814,-0.013699490369203038,1.4532621849171843,0.5397058728823355,1.9300825644876995,-0.06109489051094896,-0.07702368625268208,0.75,1.8803775636265119,-0.46232314027455435,1.7051987414926955,0.75
online_soft,1,100.0,holdout_2025_2026,18,0.1571244937581826,-0.12280852134116271,0.1021821953556159,-0.08364672551481533,0.18582892087043124,0.8396399745313292,0.4659061416489043,-0.47658900851322583,-0.34737666250868915,0.3888888888888889,0.5673422339704891,1.1591785338873295,0.5663714981773769,0.7222222222222222
cap300_composite,3,25.0,validation,24,-0.0008408965678227132,0.08698189041321247,-0.00042053670947339583,0.04258423660307309,-0.043004773312546485,0.6231299808576032,0.29778467640143425,-0.4954771887407382,-0.08239866000360974,0.5416666666666666,0.22431585539283358,0.2744479151210397,0.1875783997599827,0.5694444444444444
cap300_composite,3,25.0,holdout_2024,12,0.4366983979652226,-0.013699490369203038,0.4366983979652226,-0.013699490369203038,0.4503978883344256,0.36701057056774444,1.1662315645596228,-0.126977859267273,-0.07702368625268208,0.5833333333333334,1.2179159722989619,0.7799782688459644,0.5329480865503078,0.5555555555555555
cap300_composite,3,25.0,holdout_2025_2026,18,-0.005487411227226402,-0.12280852134116271,-0.003661628079903445,-0.08364672551481533,0.07998509743491189,1.089364616877133,0.3662903289946666,-0.6037880622926934,-0.34737666250868915,0.3888888888888889,0.44356300368290275,1.5569602436817358,0.6130187020355184,0.5925925925925926
mlp_rank,3,25.0,validation,24,0.23903880390347432,0.08698189041321247,0.11312119910792928,0.04258423660307309,0.0705369625048562,0.3752433331475809,0.4490999536579881,-0.33318214711201144,-0.08239866000360974,0.5,0.3213638828519036,0.05005696182837896,0.17953227927858362,0.5138888888888888
mlp_rank,3,25.0,holdout_2024,12,0.23133437380524047,-0.013699490369203038,0.23133437380524047,-0.013699490369203038,0.2450338641744435,0.22876215191931762,1.0210396457292665,-0.1011317188267361,-0.07702368625268208,0.5,1.0265880247099504,0.3422071384063118,0.264006703411366,0.5833333333333334
mlp_rank,3,25.0,holdout_2025_2026,18,0.33103895599949906,-0.12280852134116271,0.21002360958149868,-0.08364672551481533,0.293670335096314,0.3235021625447756,0.7385085054595791,-0.2458179760072705,-0.34737666250868915,0.5555555555555556,0.9257945467187446,0.5203366012323275,0.3042177894819227,0.7592592592592592
baseline_mlp_blend_50,3,25.0,validation,24,1.3050870872329585,0.08698189041321247,0.5182513254507497,0.04258423660307309,0.4756670888476766,0.5071987090877365,1.0649106787040503,-0.346977195111723,-0.08239866000360974,0.625,0.9844129212196875,0.8126568675824166,0.6374129486060742,0.5277777777777778
baseline_mlp_blend_50,3,25.0,holdout_2024,12,0.10174774211785875,-0.013699490369203038,0.10174774211785875,-0.013699490369203038,0.11544723248706179,0.2865715668548325,0.468372018683555,-0.14457203282309417,-0.07702368625268208,0.4166666666666667,0.5405698278572424,1.0602336658007698,0.1533911535632202,0.5
baseline_mlp_blend_50,3,25.0,holdout_2025_2026,18,0.6325398614430249,-0.12280852134116271,0.38646591117469176,-0.08364672551481533,0.4701126366895071,0.6639235319036629,0.7920315645231972,-0.26545085085344955,-0.34737666250868915,0.5555555555555556,0.970306342075642,1.1514139616129162,0.7813229607121102,0.5925925925925926
online_best,3,25.0,validation,24,0.15063119947448755,0.08698189041321247,0.07267478737709099,0.04258423660307309,0.0300905507740179,0.529838222688298,0.3900412109445034,-0.39969796051339057,-0.08239866000360974,0.5416666666666666,0.3046449503316918,0.4886785109104145,0.20101335565458878,0.5416666666666666
online_best,3,25.0,holdout_2024,12,0.20967583557954717,-0.013699490369203038,0.20967583557954717,-0.013699490369203038,0.2233753259487502,0.31886699385817163,0.7402380115373373,-0.1011317188267361,-0.07702368625268208,0.4166666666666667,0.8134895884033508,1.0126562007811772,0.27441614980294826,0.5555555555555556
online_best,3,25.0,holdout_2025_2026,18,-0.3092702049602889,-0.12280852134116271,-0.218602303470826,-0.08364672551481533,-0.13495557795601065,0.425703637949174,-0.3615300188305549,-0.4575432198817737,-0.34737666250868915,0.3888888888888889,-0.3040585765481027,1.1486130530167442,-0.08494328697551401,0.7407407407407408
online_soft,3,25.0,validation,24,0.09604603734139516,0.08698189041321247,0.046922173488266106,0.04258423660307309,0.004337936885193017,0.5212016568666225,0.32820148060095455,-0.36975212554573833,-0.08239866000360974,0.5416666666666666,0.2384827323228303,0.02100030172066653,0.18402008734181763,0.5833333333333333
online_soft,3,25.0,holdout_2024,12,-0.008921042461278117,-0.013699490369203038,-0.008921042461278117,-0.013699490369203038,0.004778447907924921,0.3282704324310711,0.12381939784398548,-0.21092969457042443,-0.07702368625268208,0.4166666666666667,0.1630960617035921,1.2317410268590734,0.05272558826243978,0.6388888888888888
online_soft,3,25.0,holdout_2025_2026,18,0.32995148439661937,-0.12280852134116271,0.2093644525359788,-0.08364672551481533,0.29301117805079413,0.6590623855937862,0.5836966694594539,-0.35373526729926097,-0.34737666250868915,0.6111111111111112,0.7460405135049712,1.1829467511161937,0.5586240207793174,0.5925925925925926
cap300_composite,3,100.0,validation,24,-0.099431834365029,0.08698189041321247,-0.05101729961238444,0.04258423660307309,-0.09360153621545753,0.6231172511437504,0.21554299685843398,-0.5032638040796333,-0.08239866000360974,0.5,0.14241636794670892,0.2756756763056519,0.12888868300855538,0.5694444444444444
cap300_composite,3,100.0,holdout_2024,12,0.3697006255309412,-0.013699490369203038,0.3697006255309412,-0.013699490369203038,0.3834001159001442,0.36350680556195114,1.0399236166672425,-0.12947785926727307,-0.07702368625268208,0.5833333333333334,1.0885892704876245,0.7712613502586102,0.46048672204664265,0.5555555555555555
cap300_composite,3,100.0,holdout_2025_2026,18,-0.08481590461350008,-0.12280852134116271,-0.057374951681884556,-0.08364672551481533,0.026271773832930778,1.0885053164154548,0.31758263865548225,-0.6169513065140336,-0.34737666250868915,0.3888888888888889,0.3921625196909468,1.5626170062032174,0.5327424511797314,0.5925925925925926
mlp_rank,3,100.0,validation,24,0.12987509636246375,0.08698189041321247,0.06295582992072801,0.04258423660307309,0.020371593317654924,0.37511197530620255,0.3259607039397703,-0.36371928971960155,-0.08239866000360974,0.4583333333333333,0.2009059532484141,0.04976285126656076,0.12685013996816097,0.5138888888888888
mlp_rank,3,100.0,holdout_2024,12,0.16892560778235421,-0.013699490369203038,0.16892560778235421,-0.013699490369203038,0.18262509815155725,0.22971771654461617,0.7882510294620484,-0.11057357742015239,-0.07702368625268208,0.5,0.8020446968346321,0.3484123126268155,0.20050789737321217,0.5833333333333334
mlp_rank,3,100.0,holdout_2025_2026,18,0.20263306054433983,-0.12280852134116271,0.13089450104436406,-0.08364672551481533,0.2145412265591794,0.3231483762821994,0.5278558636221959,-0.2712358369461336,-0.34737666250868915,0.5555555555555556,0.7119520096364642,0.5183640263779059,0.21953370134051853,0.7592592592592592
baseline_mlp_blend_50,3,100.0,validation,24,1.0967871236718536,0.08698189041321247,0.44802870264088823,0.04258423660307309,0.40544446603781514,0.5100658986892286,0.9657993659218972,-0.35282226101945846,-0.08239866000360974,0.5833333333333334,0.8844599096465476,0.797186520525003,0.5653613869639291,0.5277777777777778
baseline_mlp_blend_50,3,100.0,holdout_2024,12,0.05191028070456061,-0.013699490369203038,0.05191028070456061,-0.013699490369203038,0.06560977107376365,0.29183114854031444,0.30573194023797573,-0.15838941007616947,-0.07702368625268208,0.4166666666666667,0.3652132031683263,1.1066144909333644,0.10358161509503927,0.5
baseline_mlp_blend_50,3,100.0,holdout_2025_2026,18,0.5077867750409113,-0.12280852134116271,0.3149016989052458,-0.08364672551481533,0.3985484244200611,0.6640170815423724,0.7116007607312427,-0.27958120926730623,-0.34737666250868915,0.5555555555555556,0.8804544888516632,1.1453237947558146,0.6922992601828459,0.5925925925925926
online_best,3,100.0,validation,24,0.04415122797888693,0.08698189041321247,0.021837182714979697,0.04258423660307309,-0.020747053888093392,0.5291900373970612,0.29839704231534026,-0.4260110539641223,-0.08239866000360974,0.5,0.21292347170254208,0.48882655661419205,0.14459539067600957,0.5416666666666666
online_best,3,100.0,holdout_2024,12,0.15251886362694123,-0.013699490369203038,0.15251886362694123,-0.013699490369203038,0.16621835399614426,0.3145120127666944,0.5915114905848262,-0.11057357742015239,-0.07702368625268208,0.4166666666666667,0.6579685782763355,1.0190312672006296,0.21342059050548534,0.5555555555555556
online_best,3,100.0,holdout_2025_2026,18,-0.3776276549538774,-0.12280852134116271,-0.27104588638974336,-0.08364672551481533,-0.18739916087492803,0.4271784590103764,-0.5163446476717346,-0.47858556116561657,-0.34737666250868915,0.3888888888888889,-0.5092187731274807,1.1457906492194838,-0.14468247631691789,0.7407407407407408
online_soft,3,100.0,validation,24,-0.01393673679568841,0.08698189041321247,-0.006992818150688529,0.04258423660307309,-0.04957705475376162,0.5217947763669202,0.22721414787013253,-0.4032443483014948,-0.08239866000360974,0.4583333333333333,0.13881534187852407,0.011284028800465423,0.12465042397199366,0.5833333333333333
online_soft,3,100.0,holdout_2024,12,-0.06550553301574591,-0.013699490369203038,-0.06550553301574591,-0.013699490369203038,-0.05180604264654287,0.3308306182138366,-0.05094375126883326,-0.22419791279851498,-0.07702368625268208,0.4166666666666667,-0.02638927799849712,1.260252544919823,-0.0057410065929630605,0.6388888888888888
online_soft,3,100.0,holdout_2025_2026,18,0.22807120681936754,-0.12280852134116271,0.14678595676498296,-0.08364672551481533,0.2304326822797983,0.6585389757322592,0.5031732339537061,-0.3662280141714387,-0.34737666250868915,0.6111111111111112,0.6560143691933032,1.1778338828759136,0.47995854723551057,0.5925925925925926
cap300_composite,5,25.0,validation,24,-0.13561630160805627,0.08698189041321247,-0.07027762294761142,0.04258423660307309,-0.1128618595506845,0.4367758992250513,0.05097756519483115,-0.3960103047667114,-0.08239866000360974,0.4583333333333333,-0.051607521418662455,0.032378471294539586,0.021001767740682187,0.5583333333333335
cap300_composite,5,25.0,holdout_2024,12,0.3710502796657411,-0.013699490369203038,0.3710502796657411,-0.013699490369203038,0.38474977003494415,0.307814478261548,1.1634695379583853,-0.11162496091652674,-0.07702368625268208,0.5,1.244093763415656,0.8586767022603546,0.43366291015390446,0.5000000000000001
cap300_composite,5,25.0,holdout_2025_2026,18,0.005925180273665065,-0.12280852134116271,0.003946229557296732,-0.08364672551481533,0.08759295507211207,0.8241743920279706,0.33500880018057827,-0.6098830299460005,-0.34737666250868915,0.5,0.4581803506760843,1.7276364345177493,0.44605891132026465,0.588888888888889
mlp_rank,5,25.0,validation,24,0.27816909535857204,0.08698189041321247,0.13056140715954578,0.04258423660307309,0.0879771705564727,0.2625114431930722,0.5910593775871104,-0.2045656302927038,-0.08239866000360974,0.5,0.3987147723980191,0.001782653285643369,0.16659092901771633,0.5166666666666667
mlp_rank,5,25.0,holdout_2024,12,0.19072082293647963,-0.013699490369203038,0.19072082293647963,-0.013699490369203038,0.20442031330568267,0.16463309904050696,1.1437795374355888,-0.07461352854969128,-0.07702368625268208,0.5833333333333334,1.3225015285299113,0.7261036498917672,0.21304694730356966,0.5666666666666668
mlp_rank,5,25.0,holdout_2025_2026,18,-0.02966976562272916,-0.12280852134116271,-0.019878966862155956,-0.08364672551481533,0.06376775865265938,0.27211710659819366,0.05174778029629893,-0.27750378323429115,-0.34737666250868915,0.5555555555555556,0.3094810118815686,0.6735246084109195,0.05374795867200244,0.6777777777777778
baseline_mlp_blend_50,5,25.0,validation,24,0.6530320845848192,0.08698189041321247,0.28570295347907604,0.04258423660307309,0.24311871687600295,0.36088179299190054,0.8726072080264864,-0.23900782770044882,-0.08239866000360974,0.4583333333333333,0.7293819938068345,0.04688839496120801,0.36176502380702646,0.5416666666666666
baseline_mlp_blend_50,5,25.0,holdout_2024,12,0.1419330079132488,-0.013699490369203038,0.1419330079132488,-0.013699490369203038,0.15563249828245185,0.23331165596235492,0.6747400484381165,-0.1031709468608808,-0.07702368625268208,0.5833333333333334,0.7501882290519956,0.7466400920537144,0.17690599794764617,0.5333333333333334
baseline_mlp_blend_50,5,25.0,holdout_2025_2026,18,0.27072496203752294,-0.12280852134116271,0.173188257635855,-0.08364672551481533,0.2568349831506703,0.45677774843277186,0.5631887921752101,-0.35288204247878774,-0.34737666250868915,0.5555555555555556,0.7631368549453641,0.818312436891603,0.3500020065388141,0.5444444444444445
online_best,5,25.0,validation,24,-0.1019029436215747,0.08698189041321247,-0.052320172010385524,0.04258423660307309,-0.09490440861345861,0.4149089828560936,0.075722977890639,-0.35275324803201136,-0.08239866000360974,0.4166666666666667,-0.0330272479143602,0.36284081418516034,0.015121715338775266,0.525
online_best,5,25.0,holdout_2024,12,-0.018435796395400494,-0.013699490369203038,-0.018435796395400494,-0.013699490369203038,-0.0047363060261974566,0.15139764732209945,-0.05252843825367526,-0.11162496091652674,-0.07702368625268208,0.4166666666666667,0.008184065532346695,1.0573272528869793,0.0013588198057501444,0.5666666666666667
online_best,5,25.0,holdout_2025_2026,18,-0.3662306491460515,-0.12280852134116271,-0.26217366003133,-0.08364672551481533,-0.1785269345165147,0.4329989370743946,-0.4705006880993774,-0.4642466174983412,-0.34737666250868915,0.4444444444444444,-0.5143769767930948,1.3642478553151822,-0.1189488286993553,0.7444444444444446
online_soft,5,25.0,validation,24,0.3385731650409458,0.08698189041321247,0.15696722729770785,0.04258423660307309,0.11438299069463476,0.3549448611977197,0.5897492563224839,-0.34374515768998415,-0.08239866000360974,0.5416666666666666,0.4484648740372619,-0.05461587918212348,0.2336160096652089,0.5083333333333334
online_soft,5,25.0,holdout_2024,12,0.05368552004252258,-0.013699490369203038,0.05368552004252258,-0.013699490369203038,0.06738501041172562,0.255030099792713,0.32105271718330575,-0.12022266298443574,-0.07702368625268208,0.6666666666666666,0.3650435510231269,0.6538779521378787,0.09124320179060041,0.6000000000000002
online_soft,5,25.0,holdout_2025_2026,18,0.13347362546675745,-0.12280852134116271,0.08711197420272221,-0.08364672551481533,0.17075869971753754,0.4582343410819708,0.40183040172658635,-0.42156971669715404,-0.34737666250868915,0.5,0.6593400724989039,1.1209214963445793,0.27824616225116117,0.5777777777777778
cap300_composite,5,100.0,validation,24,-0.21955728231879668,0.08698189041321247,-0.11657330939052823,0.04258423660307309,-0.15915754599360132,0.43694738525171084,-0.06404484628189974,-0.4312470415883627,-0.08239866000360974,0.4166666666666667,-0.16461000727027206,0.03037144813977385,-0.028965199566100996,0.5583333333333335
cap300_composite,5,100.0,holdout_2024,12,0.3120626322986848,-0.013699490369203038,0.3120626322986848,-0.013699490369203038,0.32576212266788784,0.3074377871837725,1.018524013161362,-0.1186715499513491,-0.07702368625268208,0.5,1.0929629714196019,0.8585547504512281,0.37229256311917336,0.5000000000000001
cap300_composite,5,100.0,holdout_2025_2026,18,-0.07277709948948174,-0.12280852134116271,-0.04912645179386499,-0.08364672551481533,0.034520273720950345,0.8235991372802223,0.2708910975181586,-0.6206356604216166,-0.34737666250868915,0.5,0.38578456529830407,1.7312056490883785,0.3737357658434528,0.588888888888889
mlp_rank,5,100.0,validation,24,0.16523042677468025,0.08698189041321247,0.07945839511056674,0.04258423660307309,0.03687415850749365,0.2626263120521312,0.4137431979839949,-0.2276253880139043,-0.08239866000360974,0.5,0.22991626075058935,-0.0027836944490324503,0.11437703426409884,0.5166666666666667
mlp_rank,5,100.0,holdout_2024,12,0.1316537752052036,-0.013699490369203038,0.1316537752052036,-0.013699490369203038,0.14535326557440664,0.16763555280531234,0.8190623502557353,-0.08401096944478481,-0.07702368625268208,0.5833333333333334,0.9683027469271736,0.7465807269845691,0.15375580126481458,0.5666666666666668
mlp_rank,5,100.0,holdout_2025_2026,18,-0.11518068212702914,-0.12280852134116271,-0.07834214127408634,-0.08364672551481533,0.005304584240728993,0.2724736635418078,-0.17219478441700126,-0.306471840227838,-0.34737666250868915,0.5555555555555556,0.04384675671699917,0.6746992215156468,-0.008432624676631972,0.6777777777777778
baseline_mlp_blend_50,5,100.0,validation,24,0.5008844700779862,0.08698189041321247,0.22510590157667032,0.04258423660307309,0.18252166497359723,0.3617641453938132,0.7357225894249896,-0.24542788117488668,-0.08239866000360974,0.4583333333333333,0.5959560696883679,0.0404193733803261,0.2988274378812621,0.5416666666666666
baseline_mlp_blend_50,5,100.0,holdout_2024,12,0.08801840523290205,-0.013699490369203038,0.08801840523290205,-0.013699490369203038,0.10171789560210509,0.23670343343864617,0.46228614623614883,-0.11308203403508377,-0.07702368625268208,0.5833333333333334,0.5256785841021242,0.7517024118815738,0.12241946133027848,0.5333333333333334
baseline_mlp_blend_50,5,100.0,holdout_2025_2026,18,0.18104958937482207,-0.12280852134116271,0.11732304252907433,-0.08364672551481533,0.20096976804388966,0.4567136374928344,0.45597961465653,-0.36680800028522953,-0.34737666250868915,0.5555555555555556,0.6444826040994207,0.8192968596520759,0.28695098013000764,0.5444444444444445
online_best,5,100.0,validation,24,-0.1837778289660681,0.08698189041321247,-0.09654985138418848,0.04258423660307309,-0.13913408798726157,0.4148279406413854,-0.038164874429822936,-0.40517252069953047,-0.08239866000360974,0.375,-0.14627551120249963,0.3603201254106562,-0.03164954194181269,0.525
online_best,5,100.0,holdout_2024,12,-0.06762776285901506,-0.013699490369203038,-0.06762776285901506,-0.013699490369203038,-0.053928272489812024,0.15264192036309585,-0.38621554176518064,-0.1186715499513491,-0.07702368625268208,0.4166666666666667,-0.4819407073555748,1.0766923346510868,-0.04836503442540352,0.5666666666666667
online_best,5,100.0,holdout_2025_2026,18,-0.4293662727328271,-0.12280852134116271,-0.31202663515288476,-0.08364672551481533,-0.22837990963806942,0.4339031514967669,-0.6239325455598101,-0.4856899879296651,-0.34737666250868915,0.4444444444444444,-0.746676868186348,1.366061507890297,-0.1767020257455333,0.7444444444444446
online_soft,5,100.0,validation,24,0.22168417726893042,0.08698189041321247,0.10529823001257466,0.04258423660307309,0.06271399340950157,0.3557577671698353,0.4598029418392198,-0.3535338970570966,-0.08239866000360974,0.4583333333333333,0.3224327399313017,-0.0738099821600797,0.1802950428094512,0.5083333333333334
online_soft,5,100.0,holdout_2024,12,-0.0021653315434826403,-0.013699490369203038,-0.0021653315434826403,-0.013699490369203038,0.011534158825720398,0.2570370630489175,0.10845948117869109,-0.138454269232402,-0.07702368625268208,0.6666666666666666,0.14675427342029435,0.6657007393639072,0.03426684891814258,0.6000000000000002
online_soft,5,100.0,holdout_2025_2026,18,0.047552822334753,-0.12280852134116271,0.03145579656403008,-0.08364672551481533,0.11510252207884542,0.45912202748146247,0.2877938357405884,-0.4372031478644979,-0.34737666250868915,0.5,0.5168055760876048,1.1261020083472193,0.21497558007195283,0.5777777777777778
cap300_composite,10,25.0,validation,24,0.4779163445004788,0.08698189041321247,0.21569582729417913,0.04258423660307309,0.17311159069110604,0.30528267666751596,0.7951371258546159,-0.2933234196803589,-0.08239866000360974,0.5833333333333334,0.6196620682582238,-0.08769133442059764,0.27660402904237413,0.525
cap300_composite,10,25.0,holdout_2024,12,0.26672843132042634,-0.013699490369203038,0.26672843132042634,-0.013699490369203038,0.2804279216896294,0.31543232342962463,0.8952280757238237,-0.11750657281718391,-0.07702368625268208,0.6666666666666666,0.9986548904703308,1.1693852730547925,0.33531741061527587,0.4416666666666667
cap300_composite,10,25.0,holdout_2025_2026,18,0.26854932946500143,-0.12280852134116271,0.171848783156771,-0.08364672551481533,0.2554955086715863,0.6852712987624759,0.5380376513848443,-0.6200235574638633,-0.34737666250868915,0.6111111111111112,0.7398487170834922,1.6283062959556764,0.5727892254530444,0.5277777777777779
mlp_rank,10,25.0,validation,24,0.21749323339445703,0.08698189041321247,0.10340075828977802,0.04258423660307309,0.06081652168670493,0.17832041624136985,0.6388546387347067,-0.16704453606859782,-0.08239866000360974,0.5833333333333334,0.3666268376866563,0.26739513161362033,0.10672480264620554,0.4916666666666667
mlp_rank,10,25.0,holdout_2024,12,0.31699711450467394,-0.013699490369203038,0.31699711450467394,-0.013699490369203038,0.330696604873877,0.27524918422883865,1.1297344573441375,-0.10951352447826634,-0.07702368625268208,0.6666666666666666,1.3551187043151953,1.428483158574995,0.37609916794672693,0.46666666666666656
mlp_rank,10,25.0,holdout_2025_2026,18,0.18457206613691035,-0.12280852134116271,0.11954354802198086,-0.08364672551481533,0.2031902735367962,0.20072385361614226,0.6602227315097483,-0.13898714901143083,-0.34737666250868915,0.6111111111111112,0.7859901804625953,0.3546404331445507,0.16389327811497179,0.5833333333333335
baseline_mlp_blend_50,10,25.0,validation,24,0.34332661042527257,0.08698189041321247,0.15901967646165205,0.04258423660307309,0.11643543985857896,0.25537165393638406,0.7057715923698482,-0.24932796273459557,-0.08239866000360974,0.5833333333333334,0.4868952775692913,-0.31581614108119327,0.21282121152958355,0.4916666666666667
baseline_mlp_blend_50,10,25.0,holdout_2024,12,0.38295713179983504,-0.013699490369203038,0.38295713179983504,-0.013699490369203038,0.3966566221690381,0.3589462531193683,1.0669636183568487,-0.12009193356693104,-0.07702368625268208,0.5,1.2007311032187462,1.5345903428865029,0.47710838227732677,0.4583333333333334
baseline_mlp_blend_50,10,25.0,holdout_2025_2026,18,0.559045570243158,-0.12280852134116271,0.3445363243900976,-0.08364672551481533,0.42818304990491296,0.42995032643008235,0.8955598517746335,-0.3018017365078999,-0.34737666250868915,0.6666666666666666,1.1763005820159147,0.8554393204926147,0.5313403033816604,0.5333333333333333
online_best,10,25.0,validation,24,0.27394420958435783,0.08698189041321247,0.12869137038623535,0.04258423660307309,0.08610713378316226,0.2832952222367557,0.5706756567990371,-0.2933234196803589,-0.08239866000360974,0.5833333333333334,0.3986589186627112,0.14455577935634853,0.1666560705297524,0.5125000000000001
online_best,10,25.0,holdout_2024,12,0.18459560813598275,-0.013699490369203038,0.18459560813598275,-0.013699490369203038,0.19829509850518579,0.21909203265927266,0.8772161662937642,-0.10475780419486957,-0.07702368625268208,0.6666666666666666,1.137359182683653,1.2754027855317351,0.22350185463555272,0.5249999999999999
online_best,10,25.0,holdout_2025_2026,18,-0.06978487436983127,-0.12280852134116271,-0.047081852012364145,-0.08364672551481533,0.03656487350245119,0.43370188938570325,0.11576461243476541,-0.4951949879172901,-0.34737666250868915,0.6111111111111112,0.32707638443939147,1.1570696562750002,0.12253968593065268,0.6555555555555557
online_soft,10,25.0,validation,24,0.37432374444086625,0.08698189041321247,0.17231554815282824,0.04258423660307309,0.12973131154975515,0.2576170743814196,0.7468959463376537,-0.2528706991281854,-0.08239866000360974,0.625,0.5546673195215172,0.21587749766300307,0.1987500727665772,0.5000000000000001
online_soft,10,25.0,holdout_2024,12,0.31991540319124545,-0.013699490369203038,0.31991540319124545,-0.013699490369203038,0.3336148935604485,0.2912050345420939,1.0885746342312723,-0.12036474813250997,-0.07702368625268208,0.4166666666666667,1.1486432163953602,0.7009975146645568,0.37560855440065843,0.4416666666666668
online_soft,10,25.0,holdout_2025_2026,18,0.6852151899812069,-0.12280852134116271,0.41613147880613144,-0.08364672551481533,0.4997782043209468,0.4306719288329156,1.0211149971539923,-0.37173150935610133,-0.34737666250868915,0.7222222222222222,1.3607475564916787,0.9252096870307344,0.620375632376513,0.5277777777777778
cap300_composite,10,100.0,validation,24,0.3464131822249574,0.08698189041321247,0.1603504566401297,0.04258423660307309,0.11776622003705661,0.3046717205990897,0.6416466540255488,-0.30060027175300075,-0.08239866000360974,0.5416666666666666,0.4719814533541105,-0.09758623937388292,0.21927407854194936,0.525
cap300_composite,10,100.0,holdout_2024,12,0.2175705650320947,-0.013699490369203038,0.2175705650320947,-0.013699490369203038,0.23127005540129775,0.316971221480561,0.765476028996146,-0.12200657281718397,-0.07702368625268208,0.6666666666666666,0.8558267599138145,1.154417945271596,0.2842482067566263,0.4416666666666667
cap300_composite,10,100.0,holdout_2025_2026,18,0.18067092434905963,-0.12280852134116271,0.11708420764067817,-0.08364672551481533,0.2007309331554935,0.6851267873832205,0.4688209044845634,-0.6310409801267476,-0.34737666250868915,0.6111111111111112,0.6575912094848085,1.629124403794158,0.5024054022213795,0.5277777777777779
mlp_rank,10,100.0,validation,24,0.11533706670870791,0.08698189041321247,0.05609519774909866,0.04258423660307309,0.013510961146025569,0.17712000227989727,0.39335379516766417,-0.17873226328181613,-0.08239866000360974,0.5833333333333334,0.13091705302900541,0.2512178296532995,0.059900099982489685,0.4916666666666667
mlp_rank,10,100.0,holdout_2024,12,0.26340936675309035,-0.013699490369203038,0.26340936675309035,-0.013699490369203038,0.2771088571222934,0.2766646565841117,0.972146175445488,-0.1145541041419027,-0.07702368625268208,0.6666666666666666,1.1705858067527206,1.435745568160008,0.32094593062711585,0.46666666666666656
mlp_rank,10,100.0,holdout_2025_2026,18,0.09569725404908325,-0.12280852134116271,0.0628216246255413,-0.08364672551481533,0.14646835014035664,0.19956594322426538,0.4009825004243626,-0.15369034629895406,-0.34737666250868915,0.6111111111111112,0.5675085402658145,0.3496215663572491,0.10465658285882351,0.5833333333333335
baseline_mlp_blend_50,10,100.0,validation,24,0.2301543389882632,0.08698189041321247,0.10912322984791145,0.04258423660307309,0.06653899324483836,0.25583894036892313,0.5315221312623982,-0.2601858931287564,-0.08239866000360974,0.5833333333333334,0.32616321554893873,-0.3380137903725255,0.16220227127007747,0.4916666666666667
baseline_mlp_blend_50,10,100.0,holdout_2024,12,0.32785712326785355,-0.013699490369203038,0.32785712326785355,-0.013699490369203038,0.3415566136370566,0.35974329228035073,0.9499345793432046,-0.12711313078211028,-0.07702368625268208,0.4166666666666667,1.0703355351848125,1.5244457005760639,0.41907094719165316,0.4583333333333334
baseline_mlp_blend_50,10,100.0,holdout_2025_2026,18,0.4519650892306095,-0.12280852134116271,0.28224431704049535,-0.08364672551481533,0.3658910425553107,0.43052138179427596,0.782879236342405,-0.3139046258753989,-0.34737666250868915,0.6666666666666666,1.046460405879832,0.8548019179155526,0.46183600656654256,0.5333333333333333
online_best,10,100.0,validation,24,0.16285034224392225,0.08698189041321247,0.07835538772888895,0.04258423660307309,0.03577115112581586,0.2822259102314815,0.40940495833008433,-0.30060027175300075,-0.08239866000360974,0.5416666666666666,0.24151316756236346,0.13845365458717251,0.11493042050974234,0.5125000000000001
online_best,10,100.0,holdout_2024,12,0.13052347971671718,-0.013699490369203038,0.13052347971671718,-0.013699490369203038,0.14422297008592022,0.2189897976474934,0.6618622169247632,-0.11171562054890039,-0.07702368625268208,0.6666666666666666,0.8684021842859573,1.2680440335466197,0.16777542631332,0.5249999999999999
online_best,10,100.0,holdout_2025_2026,18,-0.15097323139719576,-0.12280852134116271,-0.10336795656276121,-0.08364672551481533,-0.019721231047945875,0.4353520169894363,-0.020196688013166788,-0.5091262148083912,-0.34737666250868915,0.6111111111111112,0.14656339556644546,1.1627753309973936,0.05901602880711643,0.6555555555555557
online_soft,10,100.0,validation,24,0.2573886302556154,0.08698189041321247,0.12133341618611171,0.04258423660307309,0.07874917958303862,0.25702903885864853,0.5735272139577858,-0.2596885567726228,-0.08239866000360974,0.625,0.3854619535259956,0.20354955335023617,0.14731326279482304,0.5000000000000001
online_soft,10,100.0,holdout_2024,12,0.2694062853967174,-0.013699490369203038,0.2694062853967174,-0.013699490369203038,0.28310577576592044,0.29128838938207624,0.9518004289532618,-0.1252861523323121,-0.07702368625268208,0.3333333333333333,1.0070264832437017,0.6923328339342314,0.3231980177203353,0.4416666666666668
online_soft,10,100.0,holdout_2025_2026,18,0.5711476271031586,-0.12280852134116271,0.35148530918963994,-0.08364672551481533,0.4351320347044553,0.43117886089347496,0.9097513838495859,-0.38613588936763266,-0.34737666250868915,0.7222222222222222,1.2298964379422475,0.9274675309803586,0.5481609122313307,0.5277777777777778
