ticker,observations,last_observation
AALI,1753,2021-12-30
ABBA,1753,2021-12-30
ABDA,1753,2021-12-30
ABMM,1753,2021-12-30
ACES,1752,2021-12-30
ACST,1753,2021-12-30
ADES,1753,2021-12-30
ADHI,1753,2021-12-30
ADMF,1753,2021-12-30
ADMG,1753,2021-12-30
ADRO,1752,2021-12-30
AGAR,508,2021-12-30
AGII,1326,2021-12-30
AGRO,1753,2021-12-30
AGRS,1745,2021-12-30
AHAP,1753,2021-12-30
AIMS,1753,2021-12-30
AISA,1753,2021-12-30
AKKU,1753,2021-12-30
AKPI,1753,2021-12-30
AKRA,1753,2021-12-30
AKSI,1753,2021-12-30
ALDO,1753,2021-12-30
ALKA,1753,2021-12-30
ALMI,1753,2021-12-30
ALTO,1752,2021-12-30
AMAG,1752,2021-12-30
AMAN,438,2021-12-30
AMAR,484,2021-12-30
AMFG,1753,2021-12-30
AMIN,1512,2021-12-30
AMRT,1753,2021-12-30
ANDI,843,2021-12-30
ANJT,1744,2021-12-30
ANTM,1753,2021-12-30
APEX,1753,2021-12-30
APIC,1753,2021-12-30
APII,1746,2021-12-30
APLI,1753,2021-12-30
APLN,1753,2021-12-30
ARGO,1753,2021-12-30
ARII,1752,2021-12-30
ARKA,611,2021-12-30
ARNA,1752,2021-12-30
ARTA,1752,2021-12-30
ARTI,1752,2021-12-30
ARTO,1494,2021-12-30
ASBI,1753,2021-12-30
ASDM,1753,2021-12-30
ASGR,1752,2021-12-30
ASII,1752,2021-12-30
ASJT,1753,2021-12-30
ASMI,1744,2021-12-30
ASPI,457,2021-12-30
ASRI,1753,2021-12-30
ASRM,1753,2021-12-30
ASSA,1752,2021-12-30
ATIC,1617,2021-12-30
AUTO,1752,2021-12-30
AYLS,460,2021-12-30
BABP,1753,2021-12-30
BACA,1753,2021-12-30
BAJA,1752,2021-12-30
BALI,1744,2021-12-30
BAPA,1752,2021-12-30
BAPI,563,2021-12-30
BATA,1753,2021-12-30
BAYU,1752,2021-12-30
BBCA,1753,2021-12-30
BBHI,1596,2021-12-30
BBKP,1753,2021-12-30
BBLD,1753,2021-12-30
BBMD,1745,2021-12-30
BBNI,1753,2021-12-30
BBRI,1753,2021-12-30
BBRM,1752,2021-12-30
BBSI,324,2021-12-30
BBSS,417,2021-12-30
BBTN,1753,2021-12-30
BBYB,1746,2021-12-30
BCAP,1753,2021-12-30
BCIC,1753,2021-12-30
BCIP,1752,2021-12-30
BDMN,1753,2021-12-30
BEEF,740,2021-12-30
BEKS,1753,2021-12-30
BELL,1071,2021-12-30
BESS,442,2021-12-30
BEST,1744,2021-12-30
BFIN,1753,2021-12-30
BGTG,1419,2021-12-30
BHAT,417,2021-12-30
BHIT,1753,2021-12-30
BIKA,1612,2021-12-30
BIMA,1753,2021-12-30
BINA,1753,2021-12-30
BIPI,1753,2021-12-30
BIPP,1752,2021-12-30
BIRD,1744,2021-12-30
BISI,1753,2021-12-30
BJBR,1753,2021-12-30
BJTM,1752,2021-12-30
BKDP,1752,2021-12-30
BKSL,1753,2021-12-30
BKSW,1753,2021-12-30
BLTA,1753,2021-12-30
BLTZ,1745,2021-12-30
BLUE,613,2021-12-30
BMAS,1752,2021-12-30
BMRI,1753,2021-12-30
BMSR,1753,2021-12-30
BMTR,1752,2021-12-30
BNBA,1753,2021-12-30
BNBR,1753,2021-12-30
BNGA,1752,2021-12-30
BNII,1752,2021-12-30
BNLI,1753,2021-12-30
BOGA,1268,2021-12-30
BOLA,627,2021-12-30
BOLT,1617,2021-12-30
BOSS,974,2021-12-30
BPFI,1753,2021-12-30
BPII,1745,2021-12-30
BPTR,873,2021-12-30
BRAM,1753,2021-12-30
BRIS,915,2021-12-30
BRMS,1753,2021-12-30
BRNA,1753,2021-12-30
BRPT,1753,2021-12-30
BSDE,1752,2021-12-30
BSIM,1752,2021-12-30
BSSR,1751,2021-12-30
BSWD,1753,2021-12-30
BTEK,1752,2021-12-30
BTON,1752,2021-12-30
BTPN,1752,2021-12-30
BTPS,915,2021-12-30
BUDI,1752,2021-12-30
BUKK,1632,2021-12-30
BULL,1753,2021-12-30
BUMI,1753,2021-12-30
BUVA,1752,2021-12-30
BVIC,1753,2021-12-30
BWPT,1752,2021-12-30
BYAN,1753,2021-12-30
CAKK,790,2021-12-30
CAMP,1016,2021-12-30
CANI,1745,2021-12-30
CARE,438,2021-12-30
CARS,1191,2021-12-30
CASA,1375,2021-12-30
CASH,405,2021-12-30
CASS,1753,2021-12-30
CCSI,627,2021-12-30
CEKA,1752,2021-12-30
CENT,1752,2021-12-30
CFIN,1752,2021-12-30
CINT,1751,2021-12-30
CITA,1753,2021-12-30
CITY,812,2021-12-30
CLAY,733,2021-12-30
CLEO,1177,2021-12-30
CLPI,1752,2021-12-30
CMNP,1753,2021-12-30
CMPP,1753,2021-12-30
CNKO,1752,2021-12-30
COCO,691,2021-12-30
CPIN,1752,2021-12-30
CPRO,1753,2021-12-30
CSAP,1753,2021-12-30
CSIS,1173,2021-12-30
CSMI,420,2021-12-30
CSRA,484,2021-12-30
CTBN,1753,2021-12-30
CTRA,1752,2021-12-30
CTTH,1752,2021-12-30
DADA,458,2021-12-30
DART,1753,2021-12-30
DAYA,1386,2021-12-30
DEAL,783,2021-12-30
DEFI,1753,2021-12-30
DEWA,1753,2021-12-30
DFAM,924,2021-12-30
DGIK,1752,2021-12-30
DIGI,822,2021-12-30
DILD,1752,2021-12-30
DIVA,772,2021-12-30
DKFT,1753,2021-12-30
DLTA,1752,2021-12-30
DMAS,1643,2021-12-30
DMMX,538,2021-12-30
DMND,475,2021-12-30
DNAR,1752,2021-12-30
DNET,1753,2021-12-30
DOID,1752,2021-12-30
DPNS,1753,2021-12-30
DPUM,1514,2021-12-30
DSFI,1752,2021-12-30
DSNG,1751,2021-12-30
DSSA,1753,2021-12-30
DUTI,1753,2021-12-30
DVLA,1752,2021-12-30
DWGL,1020,2021-12-30
DYAN,1751,2021-12-30
EAST,612,2021-12-30
ECII,1744,2021-12-30
EKAD,1753,2021-12-30
ELSA,1752,2021-12-30
ELTY,1752,2021-12-30
EMDE,1752,2021-12-30
EMTK,1753,2021-12-30
ENRG,1753,2021-12-30
ENZO,319,2021-12-30
EPAC,368,2021-12-30
EPMT,1752,2021-12-30
ERAA,1753,2021-12-30
ERTX,1753,2021-12-30
ESIP,520,2021-12-30
ESSA,1752,2021-12-30
ESTA,442,2021-12-30
ESTI,1753,2021-12-30
ETWA,1752,2021-12-30
EXCL,1753,2021-12-30
FAST,1753,2021-12-30
FASW,1752,2021-12-30
FILM,851,2021-12-30
FIRE,1152,2021-12-30
FISH,1753,2021-12-30
FITT,631,2021-12-30
FMII,1753,2021-12-30
FOOD,741,2021-12-30
FORU,1752,2021-12-30
FPNI,1752,2021-12-30
FUJI,612,2021-12-30
GDST,1752,2021-12-30
GDYR,1752,2021-12-30
GEMA,1753,2021-12-30
GEMS,1753,2021-12-30
GGRM,1752,2021-12-30
GGRP,560,2021-12-30
GHON,937,2021-12-30
GIAA,1753,2021-12-30
GJTL,1752,2021-12-30
GLOB,1753,2021-12-30
GLVA,493,2021-12-30
GMFI,1066,2021-12-30
GMTD,1753,2021-12-30
GOLD,1753,2021-12-30
GOOD,806,2021-12-30
GPRA,1752,2021-12-30
GSMF,1753,2021-12-30
GTBO,1753,2021-12-30
GWSA,1752,2021-12-30
GZCO,1752,2021-12-30
HADE,1753,2021-12-30
HDFA,1753,2021-12-30
HDIT,609,2021-12-30
HEAL,910,2021-12-30
HELI,945,2021-12-30
HERO,1752,2021-12-30
HEXA,1752,2021-12-30
HITS,1753,2021-12-30
HMSP,1753,2021-12-30
HOKI,1138,2021-12-30
HOMI,321,2021-12-30
HRME,673,2021-12-30
HRTA,1144,2021-12-30
HRUM,1753,2021-12-30
IATA,1753,2021-12-30
IBFN,1744,2021-12-30
IBST,1753,2021-12-30
ICBP,1752,2021-12-30
ICON,1752,2021-12-30
IDPR,1512,2021-12-30
IFII,502,2021-12-30
IFSH,505,2021-12-30
IGAR,1752,2021-12-30
IKAI,1752,2021-12-30
IKAN,460,2021-12-30
IKBI,1753,2021-12-30
IMAS,1753,2021-12-30
IMJS,1745,2021-12-30
IMPC,1745,2021-12-30
INAF,1752,2021-12-30
INAI,1752,2021-12-30
INCF,1753,2021-12-30
INCI,1753,2021-12-30
INCO,1752,2021-12-30
INDF,1753,2021-12-30
INDO,482,2021-12-30
INDR,1753,2021-12-30
INDS,1753,2021-12-30
INDX,1753,2021-12-30
INDY,1753,2021-12-30
INKP,1752,2021-12-30
INOV,611,2021-12-30
INPC,1752,2021-12-30
INPP,1753,2021-12-30
INPS,938,2021-12-30
INRU,1753,2021-12-30
INTA,1752,2021-12-30
INTD,1753,2021-12-30
INTP,1752,2021-12-30
IPCC,872,2021-12-30
IPCM,1013,2021-12-30
IPOL,1753,2021-12-30
IPTV,613,2021-12-30
IRRA,542,2021-12-30
ISAT,1753,2021-12-30
ISSP,1751,2021-12-30
ITIC,615,2021-12-30
ITMA,1753,2021-12-30
ITMG,1753,2021-12-30
JAST,650,2021-12-30
JAWA,1752,2021-12-30
JAYA,710,2021-12-30
JECC,1753,2021-12-30
JGLE,1383,2021-12-30
JIHD,1753,2021-12-30
JKON,1753,2021-12-30
JMAS,1017,2021-12-30
JPFA,1753,2021-12-30
JRPT,1753,2021-12-30
JSMR,1752,2021-12-30
JSPT,1753,2021-12-30
JTPE,1753,2021-12-30
KAEF,1752,2021-12-30
KARW,1753,2021-12-30
KAYU,615,2021-12-30
KBAG,421,2021-12-30
KBLI,1753,2021-12-30
KBLM,1752,2021-12-30
KBLV,1752,2021-12-30
KDSI,1753,2021-12-30
KEEN,573,2021-12-30
KEJU,513,2021-12-30
KIAS,1753,2021-12-30
KICI,1753,2021-12-30
KIJA,1753,2021-12-30
KINO,1511,2021-12-30
KIOS,1070,2021-12-30
KJEN,618,2021-12-30
KKGI,1753,2021-12-30
KLBF,1753,2021-12-30
KMDS,324,2021-12-30
KMTR,1146,2021-12-30
KOBX,1751,2021-12-30
KOIN,1752,2021-12-30
KONI,1753,2021-12-30
KOPI,1744,2021-12-30
KOTA,612,2021-12-30
KPIG,1752,2021-12-30
KRAS,1752,2021-12-30
KREN,1753,2021-12-30
LAND,839,2021-12-30
LAPD,1752,2021-12-30
LCKM,996,2021-12-30
LEAD,1744,2021-12-30
LIFE,612,2021-12-30
LINK,1744,2021-12-30
LION,1753,2021-12-30
LMPI,1753,2021-12-30
LMSH,1753,2021-12-30
LPCK,1753,2021-12-30
LPGI,1753,2021-12-30
LPIN,1752,2021-12-30
LPKR,1753,2021-12-30
LPLI,1753,2021-12-30
LPPF,1752,2021-12-30
LPPS,1753,2021-12-30
LRNA,1744,2021-12-30
LSIP,1752,2021-12-30
LTLS,1753,2021-12-30
LUCK,770,2021-12-30
MAIN,1753,2021-12-30
MAPA,875,2021-12-30
MAPB,1144,2021-12-30
MAPI,1752,2021-12-30
MARI,1472,2021-12-30
MARK,1129,2021-12-30
MAYA,1753,2021-12-30
MBAP,1744,2021-12-30
MBSS,1752,2021-12-30
MBTO,1752,2021-12-30
MCAS,1050,2021-12-30
MCOR,1753,2021-12-30
MDIA,1744,2021-12-30
MDKA,1630,2021-12-30
MDKI,1077,2021-12-30
MDLN,1752,2021-12-30
MDRN,1753,2021-12-30
MEDC,1753,2021-12-30
MEGA,1753,2021-12-30
MERK,1753,2021-12-30
META,1752,2021-12-30
MFMI,1752,2021-12-30
MGNA,1746,2021-12-30
MGRO,869,2021-12-30
MICE,1752,2021-12-30
MIDI,1753,2021-12-30
MIKA,1688,2021-12-30
MINA,1179,2021-12-30
MIRA,1752,2021-12-30
MITI,1753,2021-12-30
MKNT,1545,2021-12-30
MKPI,1753,2021-12-30
MLBI,1753,2021-12-30
MLIA,1753,2021-12-30
MLPL,1753,2021-12-30
MLPT,1745,2021-12-30
MMLP,1634,2021-12-30
MNCN,1752,2021-12-30
MOLI,834,2021-12-30
MPMX,1751,2021-12-30
MPOW,1134,2021-12-30
MPPA,1753,2021-12-30
MPRO,805,2021-12-30
MRAT,1753,2021-12-30
MREI,1753,2021-12-30
MSIN,893,2021-12-30
MSKY,1752,2021-12-30
MTDL,1753,2021-12-30
MTFN,1753,2021-12-30
MTLA,1752,2021-12-30
MTPS,675,2021-12-30
MTSM,1753,2021-12-30
MTWI,1066,2021-12-30
MYOH,1752,2021-12-30
MYOR,1753,2021-12-30
MYTX,1753,2021-12-30
NASA,1113,2021-12-30
NATO,733,2021-12-30
NELY,1752,2021-12-30
NFCX,869,2021-12-30
NICK,919,2021-12-30
NIKL,1752,2021-12-30
NIRO,1752,2021-12-30
NISP,1753,2021-12-30
NOBU,1752,2021-12-30
NRCA,1751,2021-12-30
NZIA,556,2021-12-30
OASA,1377,2021-12-30
OKAS,1752,2021-12-30
OMRE,1753,2021-12-30
OPMS,558,2021-12-30
PADI,1752,2021-12-30
PALM,1753,2021-12-30
PAMG,614,2021-12-30
PANI,822,2021-12-30
PANR,1753,2021-12-30
PANS,1752,2021-12-30
PBID,1021,2021-12-30
PBRX,1753,2021-12-30
PBSA,1327,2021-12-30
PCAR,1008,2021-12-30
PDES,1753,2021-12-30
PEGE,1752,2021-12-30
PEHA,750,2021-12-30
PGAS,1752,2021-12-30
PGJO,477,2021-12-30
PGLI,1752,2021-12-30
PGUN,364,2021-12-30
PICO,1753,2021-12-30
PJAA,1753,2021-12-30
PKPK,1753,2021-12-30
PLAN,318,2021-12-30
PLIN,1753,2021-12-30
PMJS,496,2021-12-30
PNBN,1753,2021-12-30
PNBS,1752,2021-12-30
PNGO,329,2021-12-30
PNIN,1752,2021-12-30
PNLF,1753,2021-12-30
PNSE,1753,2021-12-30
POLA,778,2021-12-30
POLI,739,2021-12-30
POLL,870,2021-12-30
POLU,621,2021-12-30
POLY,1753,2021-12-30
PORT,1208,2021-12-30
POWR,1395,2021-12-30
PPGL,355,2021-12-30
PPRE,1034,2021-12-30
PPRO,1658,2021-12-30
PRDA,1274,2021-12-30
PRIM,909,2021-12-30
PSAB,1752,2021-12-30
PSDN,1753,2021-12-30
PSGO,513,2021-12-30
PSKT,1753,2021-12-30
PSSI,1026,2021-12-30
PTBA,1752,2021-12-30
PTIS,1753,2021-12-30
PTPP,1752,2021-12-30
PTPW,463,2021-12-30
PTRO,1753,2021-12-30
PTSN,1753,2021-12-30
PTSP,1753,2021-12-30
PUDP,1753,2021-12-30
PURA,470,2021-12-30
PURI,323,2021-12-30
PWON,1752,2021-12-30
PYFA,1752,2021-12-30
PZZA,905,2021-12-30
RAJA,1753,2021-12-30
RALS,1753,2021-12-30
RANC,1752,2021-12-30
RBMS,1752,2021-12-30
RDTX,1753,2021-12-30
REAL,504,2021-12-30
RELI,1753,2021-12-30
RICY,1752,2021-12-30
RIGS,1752,2021-12-30
RISE,873,2021-12-30
ROCK,321,2021-12-30
RODA,1752,2021-12-30
RONY,420,2021-12-30
ROTI,1752,2021-12-30
RUIS,1753,2021-12-30
SAFE,1753,2021-12-30
SAME,1753,2021-12-30
SAMF,427,2021-12-30
SAPX,811,2021-12-30
SATU,788,2021-12-30
SBAT,421,2021-12-30
SCCO,1753,2021-12-30
SCMA,1753,2021-12-30
SCNP,324,2021-12-30
SDMU,1753,2021-12-30
SDPC,1752,2021-12-30
SDRA,1753,2021-12-30
SFAN,625,2021-12-30
SGER,341,2021-12-30
SGRO,1752,2021-12-30
SHID,1753,2021-12-30
SHIP,1393,2021-12-30
SIDO,1745,2021-12-30
SILO,1745,2021-12-30
SIMP,1752,2021-12-30
SINI,524,2021-12-30
SIPD,1753,2021-12-30
SKBM,1752,2021-12-30
SKLT,1753,2021-12-30
SKRN,805,2021-12-30
SLIS,548,2021-12-30
SMAR,1753,2021-12-30
SMBR,1744,2021-12-30
SMCB,1753,2021-12-30
SMDM,1753,2021-12-30
SMDR,1753,2021-12-30
SMGR,1753,2021-12-30
SMKL,610,2021-12-30
SMMA,1753,2021-12-30
SMMT,1753,2021-12-30
SMRA,1753,2021-12-30
SMSM,1753,2021-12-30
SOCI,1744,2021-12-30
SOFA,364,2021-12-30
SOHO,323,2021-12-30
SONA,1753,2021-12-30
SOSS,786,2021-12-30
SOTS,761,2021-12-30
SPMA,1753,2021-12-30
SPTO,912,2021-12-30
SQMI,1752,2021-12-30
SRAJ,1753,2021-12-30
SRSN,1753,2021-12-30
SRTG,1752,2021-12-30
SSIA,1752,2021-12-30
SSMS,1744,2021-12-30
SSTM,1753,2021-12-30
STAR,1753,2021-12-30
STTP,1753,2021-12-30
SULI,1752,2021-12-30
SUPR,1753,2021-12-30
SURE,809,2021-12-30
SWAT,885,2021-12-30
TALF,1744,2021-12-30
TAMA,462,2021-12-30
TAMU,1174,2021-12-30
TARA,1753,2021-12-30
TAXI,1752,2021-12-30
TBIG,1753,2021-12-30
TBLA,1753,2021-12-30
TBMS,1753,2021-12-30
TCID,1753,2021-12-30
TCPI,873,2021-12-30
TEBE,518,2021-12-30
TELE,1752,2021-12-30
TFAS,562,2021-12-30
TFCO,1753,2021-12-30
TGKA,1753,2021-12-30
TGRA,1171,2021-12-30
TIFA,1753,2021-12-30
TINS,1752,2021-12-30
TIRA,1753,2021-12-30
TIRT,1752,2021-12-30
TKIM,1752,2021-12-30
TLKM,1752,2021-12-30
TMAS,1753,2021-12-30
TMPO,1752,2021-12-30
TNCA,880,2021-12-30
TOBA,1752,2021-12-30
TOPS,1147,2021-12-30
TOTL,1752,2021-12-30
TOTO,1753,2021-12-30
TOWR,1752,2021-12-30
TOYS,343,2021-12-30
TPIA,1753,2021-12-30
TPMA,1752,2021-12-30
TRIM,1752,2021-12-30
TRIN,480,2021-12-30
TRIS,1753,2021-12-30
TRJA,331,2021-12-30
TRST,1753,2021-12-30
TRUK,904,2021-12-30
TRUS,1753,2021-12-30
TSPC,1753,2021-12-30
TUGU,903,2021-12-30
UANG,365,2021-12-30
UCID,494,2021-12-30
ULTJ,1752,2021-12-30
UNIC,1753,2021-12-30
UNSP,1753,2021-12-30
UNTR,1752,2021-12-30
UNVR,1753,2021-12-30
URBN,762,2021-12-30
VICO,1753,2021-12-30
VINS,1564,2021-12-30
VIVA,1752,2021-12-30
VOKS,1752,2021-12-30
VRNA,1753,2021-12-30
WAPO,1753,2021-12-30
WEGE,1029,2021-12-30
WEHA,1753,2021-12-30
WICO,1753,2021-12-30
WIIM,1752,2021-12-30
WIKA,1752,2021-12-30
WINS,1753,2021-12-30
WOMF,1753,2021-12-30
WOOD,1144,2021-12-30
WOWS,524,2021-12-30
WSBP,1332,2021-12-30
WTON,1744,2021-12-30
YELO,793,2021-12-30
YPAS,1752,2021-12-30
YULE,1752,2021-12-30
ZBRA,1753,2021-12-30
ZINC,1062,2021-12-30
ZONE,759,2021-12-30
