model,period,months,strategy_total_return,benchmark_total_return,strategy_cagr,benchmark_cagr,excess_cagr,strategy_volatility,strategy_sharpe_rf0,strategy_max_drawdown,benchmark_max_drawdown,active_hit_rate,information_ratio,beta_to_benchmark,annualized_alpha_rf0,average_monthly_turnover
mlp_raw,full,138,5.701502561745449,0.17903059532174082,0.1798887488635521,0.014424131309626276,0.16546461755392583,0.3360070528901734,0.6522339886777279,-0.5273410963824783,-0.34737666250868904,0.4927536231884058,0.657887099702876,1.1065417154196997,0.20876338347539614,0.4541062801932367
mlp_raw,train,84,0.9395096152907951,0.2537158161668134,0.0992560085086478,0.03282904728871272,0.06642696121993508,0.29099351716742233,0.4609381079352077,-0.5273410963824783,-0.31286953927505634,0.44047619047619047,0.3566502614080955,0.9707798567311474,0.09724138725688758,0.35714285714285715
mlp_raw,validation,24,0.30235435745940364,0.08698189041321247,0.14120741211201548,0.04258423660307309,0.0986231755089424,0.35711002735906366,0.5370711669510944,-0.4247484105752535,-0.08239866000360974,0.4583333333333333,0.4647877836901631,2.4556281264846698,0.08386077877408149,0.5833333333333334
mlp_raw,holdout,30,1.6530845069373772,-0.1348255975549968,0.47740795594864793,-0.05628368183725396,0.5336916377859019,0.4268976699730458,1.1223186362727333,-0.29072766212957046,-0.34737666250868904,0.6666666666666666,1.4374385149609068,1.1597898064479324,0.6682744305788406,0.6222222222222222
mlp_excess,full,138,4.304272206214293,0.17903059532174082,0.1561413637819502,0.014424131309626276,0.14171723247232393,0.28993420707506073,0.6441124723637983,-0.5072756035608882,-0.34737666250868904,0.4927536231884058,0.6168959901399921,0.8625067400473033,0.1779345553127316,0.4178743961352656
mlp_excess,train,84,2.535500661465878,0.2537158161668134,0.1977057425327875,0.03282904728871272,0.16487669524407478,0.28585131186387364,0.7726387526940789,-0.5072756035608882,-0.31286953927505634,0.4642857142857143,0.6682725292539237,0.7642647004528306,0.20579338869506825,0.27777777777777773
mlp_excess,validation,24,-0.11901119386371484,0.08698189041321247,-0.06138996056067825,0.04258423660307309,-0.10397419716375134,0.2893270152801877,-0.07801360042503237,-0.41299064947939046,-0.08239866000360974,0.4583333333333333,-0.25867823231989323,1.5507658708125502,-0.08882924344305543,0.6527777777777777
mlp_excess,holdout,30,0.7029601684020357,-0.1348255975549968,0.23731932516131837,-0.05628368183725396,0.29360300699857234,0.30515183274771024,0.8477773427766118,-0.3118642039830549,-0.34737666250868904,0.6,1.21913340603943,0.9235599979508753,0.33643168962054215,0.6222222222222222
composite_mlp_blend_25,full,138,37.17678305641408,0.17903059532174082,0.3726119255931153,0.014424131309626276,0.358187794283489,0.3797542217312825,1.0182577755992495,-0.40974987617307,-0.34737666250868904,0.5869565217391305,1.0825613357707295,1.2617716938682388,0.4184428806157927,0.36714975845410625
composite_mlp_blend_25,train,84,13.80980781455614,0.2537158161668134,0.46967513354712076,0.03282904728871272,0.43684608625840804,0.404105767668507,1.1475693185413312,-0.40974987617307,-0.31286953927505634,0.5833333333333334,1.1609516013741799,1.3119395247479624,0.4941762862508319,0.2976190476190476
composite_mlp_blend_25,validation,24,1.0818949205587982,0.08698189041321247,0.44287730613479326,0.04258423660307309,0.40029306953172017,0.30502724725809666,1.3577804853345476,-0.14420658973099187,-0.08239866000360974,0.6666666666666666,1.3094508607774205,1.4515655607241302,0.4099918741408437,0.4583333333333333
composite_mlp_blend_25,holdout,30,0.23820086104613813,-0.1348255975549968,0.0892220904898775,-0.05628368183725396,0.14550577232713147,0.3657250758861143,0.40731434461927585,-0.349499820421066,-0.34737666250868904,0.5333333333333333,0.6499184359330805,1.1384030880918945,0.20971553833784995,0.4888888888888889
composite_mlp_blend_50,full,138,38.36732710907539,0.17903059532174082,0.3762821336532358,0.014424131309626276,0.36185800234360954,0.3738833229938385,1.0349796237092843,-0.3544780061484548,-0.34737666250868904,0.5869565217391305,1.0892002100792892,1.186592065099867,0.42144893795395744,0.4444444444444444
composite_mlp_blend_50,train,84,16.198300439273346,0.2537158161668134,0.5014052600932704,0.03282904728871272,0.46857621280455763,0.3815647017017883,1.2484763922135713,-0.311464117197475,-0.31286953927505634,0.6071428571428571,1.2332805117819148,1.0588411010813834,0.5282197713505239,0.3333333333333333
composite_mlp_blend_50,validation,24,0.9415010473591126,0.08698189041321247,0.39337756812685654,0.04258423660307309,0.35079333152378345,0.30714368927116054,1.2357536165451763,-0.13236407034558173,-0.08239866000360974,0.5833333333333334,1.2563679529848613,2.139297874680206,0.32256951486616514,0.611111111111111
composite_mlp_blend_50,holdout,30,0.17899718527666364,-0.1348255975549968,0.06808325718805297,-0.05628368183725396,0.12436693902530693,0.40222478653670146,0.3543582075564511,-0.3544780061484548,-0.34737666250868904,0.5333333333333333,0.5545170960200282,1.1991337563123379,0.20479206070717226,0.6222222222222222
composite_mlp_blend_75,full,138,43.038245884441324,0.17903059532174082,0.38976618406121855,0.014424131309626276,0.37534205275159227,0.38771200528871375,1.0405798219105704,-0.47270266336490563,-0.34737666250868904,0.572463768115942,1.1220827791348953,1.3540921868348588,0.43843373138528663,0.5120772946859903
composite_mlp_blend_75,train,84,13.592823389460163,0.2537158161668134,0.4665795269211712,0.03282904728871272,0.4337504796324585,0.3740442685677822,1.2086895535550333,-0.4669197587516555,-0.31286953927505634,0.5833333333333334,1.219493020764323,1.1949597186198817,0.484525007432971,0.40873015873015867
composite_mlp_blend_75,validation,24,0.7656674084856421,0.08698189041321247,0.3287841843149857,0.04258423660307309,0.2861999477119126,0.3266446922603373,1.0248028042408845,-0.20040602395187934,-0.08239866000360974,0.4583333333333333,0.9577299481186032,1.5663800123127547,0.2983390738522933,0.7083333333333334
composite_mlp_blend_75,holdout,30,0.7091563185216248,-0.1348255975549968,0.23911813742421972,-0.05628368183725396,0.2954018192614737,0.4728822211446766,0.6812725868194567,-0.4727026633649055,-0.34737666250868904,0.6333333333333333,0.9627644291339753,1.5450691042816311,0.4543117696234178,0.6444444444444445
online_best,full,138,34.57572426273647,0.17903059532174082,0.36421535929182625,0.014424131309626276,0.34979122798219997,0.35741986295726785,1.0462196321785695,-0.40081197648765066,-0.34737666250868904,0.5797101449275363,1.0914211073401805,1.097701748169333,0.4066551748170186,0.4227053140096618
online_best,train,84,13.981564631401259,0.2537158161668134,0.47209805497571367,0.03282904728871272,0.43926900768700095,0.35904820594084114,1.2572295978531387,-0.38101440734819114,-0.31286953927505634,0.5952380952380952,1.2538698630589082,1.0783156296368048,0.49060610135250693,0.3333333333333333
online_best,validation,24,0.6492551884528341,0.08698189041321247,0.2842333076403345,0.04258423660307309,0.2416490710372614,0.32165614110884927,0.9304160968853329,-0.14421131116699415,-0.08239866000360974,0.4583333333333333,0.8894710399213959,2.024635505848206,0.22873286547234772,0.4305555555555555
online_best,holdout,30,0.4398217148670658,-0.1348255975549968,0.15697370227846852,-0.05628368183725396,0.21325738411572248,0.385381766610868,0.5624718294396284,-0.40081197648765055,-0.34737666250868904,0.6333333333333333,0.7669320835286051,0.9785286533748936,0.28534940710017276,0.6666666666666666
online_soft,full,138,38.88858443465631,0.17903059532174082,0.37785725782892743,0.014424131309626276,0.36343312651930115,0.367066407897489,1.0559607271074374,-0.4262575515910483,-0.34737666250868904,0.6086956521739131,1.1347128201788161,1.2620695984014672,0.419700518982582,0.427536231884058
online_soft,train,84,12.929255458988775,0.2537158161668134,0.45686151813354736,0.03282904728871272,0.42403247084483464,0.3677561121649703,1.2072454656183376,-0.4262575515910483,-0.31286953927505634,0.6190476190476191,1.225989241734144,1.218718285449432,0.47145724569931624,0.3253968253968254
online_soft,validation,24,0.8335527619197034,0.08698189041321247,0.35408742772381707,0.04258423660307309,0.311503191120744,0.31436061264974563,1.1150535219551712,-0.12117280692972687,-0.08239866000360974,0.5833333333333334,1.0499467989232214,1.493849008366501,0.32276200766045937,0.5277777777777777
online_soft,holdout,30,0.5618068000487386,-0.1348255975549968,0.19522845457396598,-0.05628368183725396,0.25151213641121994,0.4108361946643309,0.63151939974652,-0.4243028044480438,-0.34737666250868904,0.6,0.9123874210510562,1.2811031972130567,0.35512170796274,0.6333333333333334
